{"cameraMode":{"drawMode":0,"name":"Shaded","section":"Shading Mode"},"sceneLighting":true,"audioPlay":false,"sceneViewState":{"showFog":false,"showMaterialUpdate":false,"showSkybox":false,"showFlares":false,"showImageEffects":false,"showParticleSystems":false},"in2DMode":false,"pivot":{"x":-30.319480895996095,"y":-14.149351119995118,"z":76.36953735351563},"rotation":{"x":0.09961991012096405,"y":-0.28250211477279665,"z":0.029510434716939927,"w":0.9536234140396118},"size":114.62223052978516,"orthographic":false}